{"__type__":"cc.AnimationClip","_name":"uiOut6","_duration":0.3333333333333333,"curveData":{"props":{"x":[{"frame":0,"value":302,"curve":[0.6,-0.27,0.73,0.04]},{"frame":0.3333333333333333,"value":518}]}}}