{"__type__":"cc.AnimationClip","_name":"uiIn6","_duration":0.3333333333333333,"curveData":{"props":{"x":[{"frame":0,"value":518,"curve":[0.18,0.89,0.31,1.21]},{"frame":0.3333333333333333,"value":302}]}}}